time(s),data
1610008739.91,0
time(s),data
1610012611.17,0
time(s),data
1610012723.97,0
1610012724.13,hello world 592
1610012724.23,hello world 593
1610012724.33,hello world 594
1610012724.43,hello world 595
1610012724.53,hello world 596
1610012724.63,hello world 597
1610012724.73,hello world 598
1610012724.83,hello world 599
1610012724.92,hello world 600
1610012725.02,hello world 601
1610012725.12,hello world 602
1610012725.23,hello world 603
1610012725.32,hello world 604
1610012725.42,hello world 605
1610012725.52,hello world 606
1610012725.62,hello world 607
1610012725.72,hello world 608
1610012725.82,hello world 609
1610012725.92,hello world 610
1610012726.02,hello world 611
1610012726.12,hello world 612
1610012726.22,hello world 613
1610012726.32,hello world 614
1610012726.46,hello world 615
1610012726.52,hello world 616
1610012726.62,hello world 617
1610012726.72,hello world 618
1610012726.82,hello world 619
1610012726.92,hello world 620
1610012727.02,hello world 621
1610012727.12,hello world 622
1610012727.22,hello world 623
1610012727.32,hello world 624
1610012727.42,hello world 625
1610012727.52,hello world 626
1610012727.62,hello world 627
1610012727.72,hello world 628
1610012727.82,hello world 629
1610012727.93,hello world 630
1610012728.03,hello world 631
1610012728.13,hello world 632
1610012728.22,hello world 633
1610012728.33,hello world 634
1610012728.43,hello world 635
1610012728.53,hello world 636
1610012728.63,hello world 637
1610012728.73,hello world 638
time(s),data
1610012747.55,0
1610012747.72,hello world 828
1610012747.82,hello world 829
1610012747.92,hello world 830
1610012748.02,hello world 831
1610012748.12,hello world 832
1610012748.22,hello world 833
1610012748.32,hello world 834
1610012748.42,hello world 835
1610012748.53,hello world 836
1610012748.63,hello world 837
1610012748.73,hello world 838
1610012748.83,hello world 839
1610012748.93,hello world 840
1610012749.03,hello world 841
1610012749.13,hello world 842
1610012749.23,hello world 843
1610012749.32,hello world 844
1610012749.43,hello world 845
1610012749.53,hello world 846
1610012749.63,hello world 847
1610012749.73,hello world 848
1610012749.83,hello world 849
1610012749.93,hello world 850
1610012750.02,hello world 851
1610012750.12,hello world 852
1610012750.22,hello world 853
1610012750.32,hello world 854
1610012750.42,hello world 855
1610012750.53,hello world 856
1610012750.63,hello world 857
